source_url,caption,industry,likes,collected_at,hashtag,tone_hint,is_ad,lang
https://www.instagram.com/p/DUSqyAEkYWD/,"🌱 트리브링 베이커리 카페 오븐에서 나온 달콤한 향, 진열대 위로 가득 채운 오늘의 디저트들 🍰 천천히 고르고, 여유 있게 머무는 베이커리 카페의 하루🤎 오늘도 맛있는 순간 준비해두었어요 ☕️🤍 매장 내 크리스마스 장식은 이번주 금요일(02/06)에 모두 철거 될 예정입니다! 이번 크리스마스시즌에도 사랑해주셔서 감사합니다❤️",CAFE,0,2026-02-21T16:48:32.396172,카페,EMOTIONAL,false,ko
https://www.instagram.com/p/DTXZMa0EhoC/,여름에도 가을에도 그리고 겨울에도 으믐 ˚∗ ˖◛⁺⑅♡ - 피스타치오 딸기 타르트 - 딸기 생크림 케이크 - 유자 박하차 - 크림 코르타도 ☕️ 카페 ‘으믐’ 📍 서울 마포구 성산동 245-15 . . . .,CAFE,0,2026-02-21T16:49:00.105264,카페,EMOTIONAL,false,ko
https://www.instagram.com/p/DSZ8S1Lk0ex/,[ ] 오늘은 연희동 카페 소개입니당..!! 연희동은 독특한 카페들이 많은 조용한 동네에요🤭 연희동의 당근🥕케이크 맛집부터 행운을 가져다주는 네잎클로버케이크까지🍀 - 데스툴 연희( ) - 보케 ( ) - 해피앤피스커피클럽( ) - 푸어링아웃 본점( ) - 카시코이( ) - 본지르르 연희(,CAFE,0,2026-02-21T16:49:07.637297,카페,EMOTIONAL,false,ko
https://www.instagram.com/p/DOdI9ook83W/,"공유, 가게 곳곳 위로의 글들이 가득한 카페 이런 따수운 공간 업로드하는 사람 을지로에 위치한 낭만이 가득한 이곳 자리, 벽, 가게문, 에어컨앞, 퇴식구, 컵에도 위로의 글들을 붙혀져 있는데요 삭막하다고 하는 세상 속에서 따뜻한 위로 받아오시길 바랍니다 :) 📌커뮤트 서울 중구 을지로 51 교원내외빌딩 지하1층 07:30-17:30 매주 토일 휴무 —",CAFE,0,2026-02-21T16:49:27.986675,카페,EMOTIONAL,false,ko
https://www.instagram.com/p/DTwze3iDz5F/,". 바람불고 추운 오늘도 속초, 동명동, 언덕위, 작은 카페, 초당커피정미소속초점 찾아주셔서 진심으로 감사드려요~~ 오고 가시는길 모두 행복하시고 즐거운 일들만 가득하시길 바래요 속초에계시다면, 초당커피정미소 속초점으로 오세요~~",CAFE,0,2026-02-21T16:50:01.904906,카페,EMOTIONAL,false,ko
https://www.instagram.com/p/DQvxd65Ev44/,카페 바가 좁으면 춤을 추세요 우리 짜증내지말고 웃으며 일해요😀 - Things that appear when you stay PEERAPPEAR,CAFE,0,2026-02-21T16:50:36.620518,카페,CASUAL,false,ko
https://www.instagram.com/p/DNFK_X4SNfF/,"🌱 빈티지한 인테리어가 매력적인 신상 카페 나만 알고싶은 분위기의 신상 카페인데 빈티지한 매력이 뿜뿜 품어져 나오는 곳이에요 한쪽에는 빈티지 의류,소품등을 판매하고 있고 오후 5시부터 8시까지는 이달의 아티스트 앨범을 LP와 CD로 음악을 들려주고 그 전 시간대에 흘러나오는 플레이리스트도 카드 형식으로 함께 주셔서 참고하기 좋음! 디저트는 직접 만들어서 판매하시고 다양한 음료도 함께 있어요 ⠀ ⠀ 🏠 동명동 분하우스 광주광역시 동구 제봉로140번길 2 2층 매일 12:00 - 20:00 ⠀ 주차장 ❌ ⠀ ⠀",CAFE,0,2026-02-21T16:51:48.705834,카페,EMOTIONAL,false,ko
https://www.instagram.com/p/DRWs-zpjNBy/,좁은 골목까지 찾아주신 손님분들 덕분에 자연스럽게 이 공간의 분위기가 완성되는 것 같습니다. 언제나 편하게 머물다 가주세요 ⁺˳,CAFE,0,2026-02-21T16:52:11.152366,카페,CASUAL,false,ko
https://www.instagram.com/p/DRll8KqD1yd/,지나다니시면서 무슨 가게하는지 물어보시는 분들이 많았는데 드디어 오늘 현수막을 붙였어요!!! 12월에 만나요😁,CAFE,0,2026-02-21T16:52:50.893451,카페,CASUAL,false,ko
https://www.instagram.com/p/DScILk7Erib/,"원물맛 피스타치오 케이크 맛집 10 | 서울, 제주, 부산, 안양, 광주 서울 마포구 텀어우드 메인 서울 서초구 앨리스프로젝트 제주 파생 부산 씨오스터파이 안양 카페모히 안양 카페 반다이크 서울 서초구 인더야드 서울 송파구 진저베어 광주 코다 *이미지 출처 하단 기재",CAFE,0,2026-02-21T16:52:57.670193,카페,CASUAL,false,ko
https://www.instagram.com/p/DTUznrTETlg/,"남편이랑 아기랑 볼일보고 오는 길에 출산 전 애정했던 카페 들렸다오기🥹 출산하고 처음 방문하는 건데 커피도 여전히 맛있고 분위기도 여전히 좋다 동네에 카페는 진짜 많은데 이만한 카페는 정말 없그든요,,♥",CAFE,0,2026-02-21T16:53:12.429370,카페,CASUAL,false,ko
https://www.instagram.com/p/DIgRTnOyWNt/,"드립이고 뭐고 필요 없다… 이미 비주얼로 끝났..💚 근처에서 점심 먹고 나서 후식은 내가 추천해도 되냐고 슬쩍 물은 다음, 아묻따 여기로 끌고 옴…🫣 그리고 칭찬만 한 오백 번 들었다! 📍포크 인천 연수구 송도과학로16번길 13-18 . 109호",CAFE,0,2026-02-21T16:53:19.925581,카페,EMOTIONAL,false,ko
https://www.instagram.com/p/DTohmoUkjVt/,"9평 카페의 느긋한 ᜊᜊᜊ? 주말🤍 케이크 시트부터 커피 로스팅까지, 모~두 직접 만드는 이곳은??? 인천의 밀우 입니다 ♥️ 밀우 카페의 일상이 궁금하다면 Youtube 에 mealwoo 를 검색해 쥬...?(세요) 🫖 영업시간 12:00 ~ 20:00 (매주 화/수 OFF) 인천 연수구 한나루로 173 1F 밀우",CAFE,0,2026-02-21T16:53:44.771727,카페,EMOTIONAL,false,ko
https://www.instagram.com/p/DU9ssdZEtBr/,1일 귀여운 디저트 조와하는.. 사람들 여기 모여라!! 🤍🍰 대왕 트리에 대왕 리본 날개까지 •• 분위기 너무 좋았던 공간 🎄✨ 귀여운 디저트들 구경하느라 기분까지 같이 좋아졌어요 ♡.. 분위기도 포근하고 조용해서 완전 추천!!! 🫶🏾💭 + 그리고 여기… 귀여운 케이크 주문 제작도 가능해요!! (너무 귀여워서 기절할 수도 있음ㅎ) 🤭🎂 📍 하트온 디저트카페 인천 부평구 부평문화로 70-2 3층,CAFE,0,2026-02-21T16:54:19.117029,카페,EMOTIONAL,false,ko
https://www.instagram.com/p/DN94AHKEpVI/,"영도에 드디어 떴다! 신상 윤슬 카페 부산 흰여울마을에 새로 오픈한 아뜰리에오에 다녀왔습니다 들어가자마자 펼쳐진 윤슬에 감탄이 절로 나왔습니다 영도에서 가본 카페 중 가장 임팩트가 강했어요!! 이번에 일정이 있어 일몰을 보지 못했는데 다음에는 일몰 시간대에 방문해봐야겠습니다 * 12시~4시 사이에 가시면 윤슬이 정면으로 펼쳐지니 참고하시면 좋을거 같아요!! ✔️아뜰리에오 📍부산 영도구 절영로 204 1층,2층 ⏰ 시간 10:00 - 20:00 🚗주차불가능",CAFE,0,2026-02-21T16:55:26.350398,카페,EMOTIONAL,false,ko
https://www.instagram.com/p/DTwFoQ3E8Jt/,"안녕하세요 카페 사랑으로입니다. 오픈 한지 얼마 안되었는데도 지금까지 많은 분들이 찾아주셨어요. 특히 디저트 딸기 산도 많이 사랑해 주셔서 감사합니다! 최대한 많이 만들려고 하지만, 아무래도 혼자 운영하는 매장이다보니 일찍 품절이 되면 중간에 만드는데 어려움이 있어요 ㅠㅠ 엉엉 .. 못 드시고 그냥 돌아가시는 손님 분들께 너무 죄송한 마음입니다 .. .. 오늘도 오픈과 동시에 산도를 찾아주신 덕분에 빠르게 소진 되었습니다 🥹 현재 추가 생산 중이라 준비 시간이 다소 걸릴 수 있으니 방문 예정이신 분들은 참고 부탁드립니다 🪽",CAFE,0,2026-02-21T16:55:33.273336,카페,PROFESSIONAL,false,ko
https://www.instagram.com/p/DTfbN7dicYy/,잘 되실 거에요! 응원할게요!! 카페를 사랑하는 마음이 이 작은 영상에서 느껴져요 아침새벽부터 사부작사부작 하는 모습에서 사랑이 느껴져요❤️❤️❤️❤️❤️ 화이팅하세요!! 👏👏👏,CAFE,0,2026-02-21T16:55:40.393577,카페,EMOTIONAL,false,ko
https://www.instagram.com/p/DUmg-ixEuXH/,인친님 이 정도면 카페에서 빵들이 자기들 예쁘게 찍어달라고 줄 서서 기다린 수준 아닌가요 😂,CAFE,0,2026-02-21T16:55:54.347058,카페,CASUAL,false,ko
https://www.instagram.com/p/DUAO9hgCcJN/,⠀ ⠀ 정말 아끼는 곡과 함께 올려봅니다••• ⠀ 멀지만 또 와보고싶은 카페 ⠀ 그때는 드립커피로 마셔보고싶다⠀ ⠀ ⠀ ⠀,CAFE,0,2026-02-21T16:56:36.857200,카페,CASUAL,false,ko
https://www.instagram.com/p/DRBvsnOk74N/,한국에서 간호사로 2년 구르다 지금 뉴질랜드 워홀와서 카페일 하는데 너므너므 행복해요….일 하기 직전 인터뷰때 지저분한거(음쓰) 만질수 있냐는데….나 간호사였는데…? 내가 더러운걸 어디까지 보고 치워봤을것같아…? 간호사 생활이 너무 힘들었어서 여긴 천국같아요 진짜…해뜰때 출근해서 해지기전에 퇴근하고 사람들 여유있고 느리다고 화내지않고 밥도먹고 물도마시고 화장실도 가고…,CAFE,0,2026-02-21T16:56:53.148316,카페,EMOTIONAL,false,ko
https://www.instagram.com/p/DSGb51Gk9bL/,작은카페의 평화로운? 주말🏡 미국에서도 찾아오는 이곳은 망원동의 ‘구황작물’ ദ്ദി/ᐠ - ⩊ -マ.ᐟ♥️♥️♥️ 라떼가 너-무 맛있는 구황작물로 논노와...✴️ 🏡서울 마포구 망원동 394-109 1F 구황작물 영업시간 11:00 ~ 18:00 (매주 화/수 OFF),CAFE,0,2026-02-21T16:57:07.496478,카페,EMOTIONAL,false,ko
https://www.instagram.com/p/DQk_Pu_EwBI/,여러분 저 인생 바치케 집 찾았어요..🧀💛 살면서 먹어본 바치케 중 가장 맛있었던 담양 ’카페 놀‘이라는 곳인데 세상 부드럽고 꾸덕꾸덕한 식감에 이번에 가을을 맞이해 밤이랑 고구마 맛이 출시했는데? 진짜 기절임...🍠🌰😵 게다가 겉바속촉 휘낭시에 종류도 되게 많은데 특히 맛탕 스타일 고구마 휘낭시에는 고구마 러버들이라면 안 먹으면 후회함..✨ ✔주소 : 전남 담양군 대전면 강의길 66 카페 놀 ✔영업시간 : 10:30 - 20:30 (L.O 19:30) / (매주 화 정기휴무) ✔전화번호 : 0507-1403-2148 ✔인스타 :,CAFE,0,2026-02-21T16:59:01.993306,카페,EMOTIONAL,false,ko
https://www.instagram.com/p/DRcDMWzEYkD/,🌱 트리브링 베이커리 카페 빵이 아니라 크리스마스 기분을 굽는 곳⛄️❤️ 한 상가득 맛있는 베이커리들로 채울 때마다 넘넘 행복해요🤭🤍 요즘 크리스마스 분위기까지 더해져서 더 예뻐효❤️ 메리 크리스마스엔 역시 트리브링하세요🎄,CAFE,0,2026-02-21T16:59:15.811459,카페,EMOTIONAL,false,ko
https://www.instagram.com/p/DH-1WQ2ycXA/,와.. 비주얼 끝장나버려~~~~🫢 📍컵피 인천 연수구 송도과학로28번길 8 1층 143호,CAFE,0,2026-02-21T16:59:37.465592,카페,EMOTIONAL,false,ko
https://www.instagram.com/p/DUklM8sjO79/,김포는 가보고 싶은 감다살 카페가 왜 이렇게 많아 .. 연휴 & 주말에 가기 좋은 김포 카페 Pick 9 주차 걱정없는 대형 카페들과 각종 체험까지 즐길 수 있는 공간들 연휴에 어디갈지 못정했으면 여기로 달려가자 🚗 @@ 우리 여기 가보자 !! . .,CAFE,0,2026-02-21T16:59:50.450630,카페,CASUAL,false,ko
https://www.instagram.com/p/DRYaNAzgZ6j/,어쩐지 케이크 비주얼 익숙하다 했는데 밀우 진짜 맛있어요!! 꾸덕꾸덕 ! 최근엔 못가봤는데 남자여자 사장님이셨던것 같은데 ..! 바뀌셨나요..?,CAFE,0,2026-02-21T16:59:59.452270,카페,CASUAL,false,ko
https://www.instagram.com/p/DThb_g2ieH_/,"카페 하길 잘했다. 커피, 빵, 가구, 식물, 음악, 사람들 내가 좋아 하는 것들로 가득한",CAFE,0,2026-02-21T17:00:18.629295,카페,CASUAL,false,ko
https://www.instagram.com/p/DS4mvOck2k1/,🍰 단골이 먼저 찾아온 서산 새로오픈 카페 ✔ 카페 하티 📍 서산시 양유정5길 9 🕙 10:00 - 22:00 💤 휴무: 일요일 💡 꿀팁 포인트 👇 ✨ 모어테이블 사장님의 새로운 카페 ✨ 트러플 허니 스콘 그리웠죠!🍯🥐 ✨ 좋은 담백한 무드 💎,CAFE,0,2026-02-21T17:00:33.831732,카페,EMOTIONAL,false,ko
https://www.instagram.com/p/DR9NQPHklbM/,"안녕하세요, 카페 PITC(핏크)입니다:) 주말 잘 보내셨나요? 저희 핏크에 많은 분들께서 방문해주고 계세요:) 행복이 넘치는 12월이 지나가기 전에 얼른 방문해 주세요❤️ 매일매일 밝은 미소로 활짝 열어두겠습니다🩷",CAFE,0,2026-02-21T17:00:50.777207,카페,EMOTIONAL,false,ko
https://www.instagram.com/p/DN7vBF1j7AL/,"토스트 위에 펼쳐진 작은 바다 𓇼 ⋆.˚ 여름 끝자락에 꼭 들려야하는 폴드커피입니다. 해변가를 축소시키면 이런 느낌일까요..? 𓆉✩°｡ ⋆통밀빵 위에 레몬즙과 레몬 제스트로 만든 상큼한 레몬 크림치즈, 거기에 아카시아 꿀이 더해져 은은한 향긋함을 전하는 바다토스트에요 ! 바삭한 그래놀라는 모래사장을 닮아 바다의 질감을 그대로 담았고, 직접 만든 조개 초콜릿은 오레오, 건라즈베리, 피스타치오가 들어 있어 작은 바다 보물처럼 달콤한 맛을 선물합니다 🐚✨ 멀리 떠나지 않아도, 접시 위 작은 바다를 마주하며 잠시 쉬어갈 수 있는 곳이에요 𓆡⋆.˚ 𓇼 🌊",CAFE,0,2026-02-21T17:00:58.387754,카페,EMOTIONAL,false,ko
https://www.instagram.com/p/DRZO8U-D5Gw/,동숲 주민이 만들어주는 케이크ദ്ദി^ᴗ ̫ ᴗ^₎ ️☁️☁️🐑구름처럼 포근한 맛이에요 🤍 •͜• 서울 동교로 27-8 1F 구황작물,CAFE,0,2026-02-21T17:01:06.826432,카페,EMOTIONAL,false,ko
https://www.instagram.com/p/DTzVhfCk7_F/,오랜만에 사랑 가득 딸기 산도 만들었어요...🤍 당분간 소량으로만 준비되고 불규칙적으로 나올 수 있어요 ( ˃̣̣̣̣o˂̣̣̣̣ ) 포장은 불가합니다...🌀,CAFE,0,2026-02-21T17:01:19.732761,카페,EMOTIONAL,false,ko
https://www.instagram.com/p/DO5dIPTAUFL/,"빵순이 심장 저격 여기 페이스트리가 진짜 장난 아니에요 겹겹이 바삭하게 구워진 결 사이로 은은하게 퍼지는 버터 향 어서오고,, 전포동 골목에 자리잡은 빵으로 유명한 카페 매장도 넓고 편안느낌이라 좋더라구요! 🤍노베이커베이커스 📍부산 부산진구 전포대로 227 1층 🕐 매일 09:00 - 22:30 —————————————————————",CAFE,0,2026-02-21T17:01:32.725234,카페,EMOTIONAL,false,ko
https://www.instagram.com/p/DSrHl3zErH6/,"버터풍미 가득 뺑스위스 맛집 10 | 서울, 부산, 대전, 성남, 창원, 대구, 영광, 당진 부산 레이어스버터리 메인 성남 프롬더스크래치 창원 4PM 서울 동대문구 웰컴투마이홈 대구 카페포켓 서울 중구 오뷔르베이커리 영광 베베 베이커리 당진 생마르탱블랑제리 대구 르페이버리 대전 베이커리, 해끝 ⠀ *이미지 출처 하단 기재",RESTAURANT,0,2026-02-21T17:03:58.226489,맛집,CASUAL,false,ko
https://www.instagram.com/p/DSNafduk-j2/,"강남역 두쫀쿠 레전드 맛집 <레이지레이디케이크> 쓸데없이 팔레트 때문에 두쫀쿠 미식가가 된 나에게 오랜만에 신세계를 맛보여준 두쫀쿠 맛집 예약 미리 하기 필수, 매장에서 바로 구입은 불가능 얇고 쫀득한 피, 텁텁하지 않은 겉면, 원물 맛 그대로의 피스타치오까지 강남역 가면 필수 두바이 디저트 맛집 되시겠다. 왜인지는 모르지만 두바이 쫀득쿠키 사면 생화 미니 꽃다발을 주신다... 괜히 기분 좋아지는🥰",RESTAURANT,0,2026-02-21T17:04:12.490108,맛집,EMOTIONAL,false,ko
https://www.instagram.com/p/DFsWRGoSaTO/,"강남에서 여기 모르면 간첩이라는 노포맛집? 알고 봤더니 3대가 이어온 50년 전통 맛집 으로 강남에서 줄서서먹는 맛집으로 유명한 곳인데 한입 먹자마자 바로 납득했자나여,,, 여기는 신기한게 수비드 닭볶음탕을 시키면 닭가슴살을 주는데 야들촉촉한게 너무 맛있 었고 맵칼한 국물까지 미친맛이더라구요🥺 누룽알볶음밥은 꼬들하니 진짜 넘 맛있어서 바닥까지 완전 벅벅 긁어서 먹었어요🥰🥰 기름기가 쫙빠진 전기구이까지 조합도 너무 좋으니까 이 조합은 꼭 시켜드시는거 추천!! 🏠3대삼계장인 📍서울 서초구 반포대로28길 56-3 1층 ⏰10:50 - 22:00",RESTAURANT,0,2026-02-21T17:04:26.328458,맛집,EMOTIONAL,false,ko
https://www.instagram.com/p/DSUOkY6E73z/,"산더미 동파육 덮밥?? 전포동에 제가 가장 아끼는 숨은 맛집 알려드릴게요! (진짜 10번 넘게 다녀옴..) 입살녹 동파육 덮밥, 항정살, 족발덮밥 등 전 메뉴 만 원 초반대! 진짜 동파육은 꼭 드세여 ㅜㅜ 가성비까지 최고니깐 진짜 꼬옥 가보세요! 강추!! 전포동 📍부산 부산진구 동성로 4 1층 ✔️ 매일 11:30 - 20:00 ❌ 매달 첫번째 월요일 정기휴무",RESTAURANT,0,2026-02-21T17:04:39.691980,맛집,EMOTIONAL,false,ko
https://www.instagram.com/p/DScIS03k7fu/,치즈쫄면순두부.. 강릉 1티어 맛집 인정..🤤 친구들이 강릉 여행 가면🌊 최일순 짬뽕 순두부 필수라 해서 다녀왔는데.. 진짜 필수 맞네요..ㅜ 치즈.. 짬뽕.. 순두부.. 대체 무슨 조합이야 했는데 먹자마자 기깔납니다.. 캐치테이블 원격 줄서기 안된다고 되어 있던데 평일이라 그런지 원격 줄서기 되더라구요..? 방문 전에 꼭 확인해 보세용..!🤍 📍 최일순 짬뽕순두부 - 강원 강릉시 해안로 517,RESTAURANT,0,2026-02-21T17:05:37.641052,맛집,EMOTIONAL,false,ko
https://www.instagram.com/p/DU3K46gEz6P/,3일 여기 몬자야끼 먹고 후회한 사람 한 둘 아님 샤로수길에 생긴 몬자야끼 맛집 네이버리뷰에도 후회한단 글이 많음.. 이유는 일본 가서 비싼 돈 주고 먹었는데 웬일 한국이 더 맛있다니 대박임. 모찌랑 치즈가 들어간 명란 몬자야끼부터 오징어 먹물 몬자야끼까지 다 존맛 ㅠ 명란 < 먹물 디저트도 철판에 꾸워주는데 증말 맛있다. ✅몬키삐루 샤로수길점 ✅서울 관악구 남부순환로226길 31 1층,RESTAURANT,0,2026-02-21T17:05:58.171129,맛집,CASUAL,false,ko
https://www.instagram.com/p/DUMpurUk-ug/,광주여행 필수 코스라는 양념곱창구이 맛집 인데 서울에 생겼더라구요 확인해보니 송파쪽에는 생긴지가 꽤 됐고 저는 왕십리에 새로 생겨서 다녀왔습니다 광주/담양식 국밥에 곱창구이 암뽕순대 (=피순대) 까지 광주에서 먹던 맛 그대로더라구요 대만족 광주서울곱창 서울 성동구 왕십리로24길 3 1층 🐯 👈👈,RESTAURANT,0,2026-02-21T17:06:05.434950,맛집,EMOTIONAL,false,ko
https://www.instagram.com/p/DEUoYArSP6s/,경기도 한우 독보적 일등. 현주엽도 매달 예약해서 간다는 의정부 한우 레전드 맛집. 직접 투쁠한우를 정육해서 판매하는 곳인데 여기 한우 먹어보면 다른곳 절대 못간다. 이미 만석채운 단골손님들이 인증해주는 곳. 꽃등심 마블링부터가 기가막힌다. 씹을수록 육즙 팡팡 터지는데 꼬소함과 풍미가 한가득. 계속 씹고싶은 맛이다. 차돌도 부들쫄깃 최고. 육사시미도 입에촥 감기는 맛이 양념 찍어먹으면 그냥 끝난다. 마무리로 능이돌판찌개 시켜서 라면사리 무조건 넣어먹기. 국물이 일품이다. ✔️위치 : 경기 의정부시 고산로 177,RESTAURANT,0,2026-02-21T17:06:11.279617,맛집,CASUAL,false,ko
https://www.instagram.com/p/CzsTWk-yTQN/,"쭈꾸미 닮은친구가 쭈꾸미쏘기🐙 @+꼴뚜기 @+김문어 @+김쭈꾸 태그ㄱ 쭈꾸미를 들이붓다못해 쏟은듯한 6글자로 정리하자면 마냥푸진한집 이다. 쭈꾸미파전과 매콤한 감칠맛에 막걸리🍶 이 조합이면 진짜 집기어가는건 시간문제; 진챠 주당이라면 무조건 가서 한잔 필수다. 파전에는 쭈꾸미가 정말 미친듯이 들어서;; 바삭한 식감은 말할 것도 없는데다 쫄~깃한 쭈꾸미가 정신줄 놓게하고,깔끔한 감칠맛에 잡내없이 양념이 잘배인 철판쭈꾸미도 강추 매장 : 동묘집 위치 : 서울 종로구 종로52길 43-9 가격 : 철판쭈꾸미(13,000)",RESTAURANT,0,2026-02-21T17:06:28.702326,맛집,EMOTIONAL,false,ko
https://www.instagram.com/p/DU5A_MjE-WK/,"3일 여친이랑 갔다가 제대로 싸운 곳 연남본점 연남동에서 제일 유명한 연어국수 맛집 다이어트 한다해서 여자친구 데려왔어요 저번에도 와봤어서 또 먹는 이 단백질국수 먹을 때마다 정말 맛있는 것 같습니다 해산물 가득 해산물덮밥까지 있는데 우니부터 참치 연어 등등 해산물 잔뜩!! 조금만 먹고 오차즈케 해먹으면 차가운 속 뜨끈해져서 진짜진짜 맛있어요,,👍👍 ✅미쁘동 연남본점 ✅서울 마포구 동교로38길 33-21 2층",RESTAURANT,0,2026-02-21T17:06:58.232562,맛집,EMOTIONAL,false,ko
https://www.instagram.com/p/DNoutwUz3XY/,"와.. 여기 진짜 찐이다..🥹 간짜장 좋아하는 사람이라면 한 번쯤 들어봤을 그 이름, 연희동 <이품> 다녀왔다 이 집이 성시경님도 먹자마자 곱빼기로 시킬걸 후회했다는 간짜장 맛집인데 꾸덕한 소스에 아삭한 양파가 씹히는 순간 “이게 진짜 간짜장이지..” 자동멘트 나온다 (무조건적으로 시키시길..) 군만두는 겉바속쫄, 튼실한 만두피까지 완벽 그 자체👏 찐들은 삼선볶음밥도 같이 먹는다는데, 먹고 나니 왜 그런지 알겠더라구요 중식 좋아한다면 절대 놓치면 안 될 맛집. 연희동 가실 일 있으면 꼭 들려보세요🔥 이품｜연희동",RESTAURANT,0,2026-02-21T17:07:29.098831,맛집,EMOTIONAL,false,ko
https://www.instagram.com/p/C0gaKrMSPLP/,"눈오는 삿포로가 대구에 있다구요? 오픈런해도 웨이팅을 해야된다는 대구 아키니쿠 맛집 입니다 !! 일단 입구에서부터 보이는 펑펑 내리는 눈에서 인생컷 마구 찍어주세요❄️ 고기는 직원분들이 맛있게 구워주시면서 맛있게 먹는 방법도 다 알려주세요🫶🏻 특히 치즈랑 먹는게 개꿀맛 ㅠㅠㅠㅠ 트러플 한우육회도 존맛이고 신메뉴 네기 듬뿍 들어간 우설도 맛있어요❤️ , , ,",RESTAURANT,0,2026-02-21T17:07:35.947275,맛집,EMOTIONAL,false,ko
https://www.instagram.com/p/DS9-3QpkyvY/,"제주 구좌에 자리잡은 ”으뜨미“ 바삭한 우럭튀김에 아삭한 양파,짭쪼름한 양념까지 주기적으로 찾아가야되는 제주동쪽 맛집 새해부터 또또 먹고 온 저에요. 📍중산간동로 2287 📍매주 목요일 쉬어가요 📍3시까지 영업인데 1시 전에는 가세요 😳 안그럼 재료소진 각 📍애석하게도 노키즈존 🥲 주변에 송당소품샵과 비자림도 있으니 함께 둘러보시면 좋을거에요 :)",RESTAURANT,0,2026-02-21T17:08:04.606313,맛집,EMOTIONAL,false,ko
https://www.instagram.com/p/DUGCO-QEc7N/,울산에서 제일 맛있는 카츠동 맛집 ... 🤎 남구청 근처에 비주얼 미쳐버린 카츠맛집이 있는데 안심 / 등심 / 상등심 / 모듬 취향껏 골라드심 되구요! 저는 상등심으로 골라 먹었는데 크기부터 두툼한게 진짜 미친맛이세요 ... 수제 타레소스 뿌려주시니까 그냥 떠먹어도 꿀떡꿀떡 넘어가고요 🥺 진짜 존맛 ... 그냥 카츠부터 카츠산도 등 종류도 엄청 다양하니까 돈까스 좋아하시는 분이라면 여기 꼭 가보셔요 ... 🌟 *위치 및 정보 댓글에 있어요 ☺️ 💌 -,RESTAURANT,0,2026-02-21T17:09:36.204393,맛집,EMOTIONAL,false,ko
https://www.instagram.com/p/C8yDZnbPY3a/,서울 분위기 좋은 한식 맛집 워낙 유명한 집이라 처음 생겼을때 예약을 못해서 가보고 싶다고만 생각했는데 왠일로 당일 예약 바로 가능해서 다녀왔는데 너무 예쁘고 분위기 좋고 게다가 맛있기까지👍 누룽지까지 싹싹 클리어 📍우물집 명동 서울 중구 삼일대로 307 2층 ▪️캐치 테이블 예약 가능 ▪️영업시간: 11시-21시(평일 15시-17시 브레이크 타임),RESTAURANT,0,2026-02-21T17:10:23.961815,맛집,PROFESSIONAL,false,ko
https://www.instagram.com/p/DQJM3RKk208/,"요즘 용산에서는 이걸 먹는다네요 대형 가마솥에 나오는 숯불 닭짜글이 맛집‼️ 야들한 닭고기에 가래떡, 대파 등등 다 맛있는데 양념이 진짜 치트키입니다,, 매콤꾸덕 너무 좋아요!! 그냥 밥에 비벼먹기만 해도 두그릇 뚝딱!! 마무리로 치즈파스타까지 추가하면 불향 가득한 꾸덕파스타 완성 ㅠㅠ 정말 맛있으니 꼭 드셔보세요🤤 [ ] 📍서울 용산구 한강대로62길 55 평복빌딩 1층,2층",RESTAURANT,0,2026-02-21T17:11:31.528002,맛집,EMOTIONAL,false,ko
https://www.instagram.com/p/DTZ6zjNktwM/,"버터 풍미 가득 스콘 맛집 10 | 서울, 부산, 인천, 대구, 하남, 진주, 화성, 의정부, 고양 화성시 뵈르아워 메인 고양시 옐로스콘 의정부시 은비스브레드 본점 부산 스콘스윗홈 인천 카페오디디오 본점 서울 종로구 카페 라미스콘 익선점 하남 올리몰리 베이커리 서울 마포구 스콘포드로그 진주 닌니쿠키 대구 브리에브레드 *이미지 출처 하단 기재",RESTAURANT,0,2026-02-21T17:11:53.188382,맛집,CASUAL,false,ko
https://www.instagram.com/p/DQrLCjsE3pM/,"부평역 노포맛집 중 전 여기가 1등 주겠습니다. 이전하고 없어진줄 아시는 분들도 있는데 옮기시도 더 쾌적해졌어요 가격도 그때처럼 저렴한데 맛도 좋고 양도 많아서 안주 빨 세우는 친구랑 가면 배터지게 먹고 올 수 있는 집!!! 닭도리탕-2만원 감자전-7000원 생굴-15000원 이렇게 다양하고 맛있는 노포맛집 신상맛집, 특이한 맛집 등 더 많이 알려드릴테니 많이 봐주세요 감사합니다. 상호:신라의 달밤 주소:인천 부평구 광장로30번길 23 1층 시간:14:00~02:00",RESTAURANT,0,2026-02-21T17:12:01.545149,맛집,CASUAL,false,ko
https://www.instagram.com/p/DT19tWCjTGg/,"억수로 맛있는 연매출 100억 초과 맛집 베스트 8💸 우리나라에서 제일 매출이 좋은 맛집은 어디일까요? 연매출 100억을 초과하는 맛집 베스트 8 가져왔습니다📝 띵띵이들이 자주 가는 맛집이 리스트에 있는지 확인해 볼까요?👀 100억 맛집에 돈 보태준 친구들을 태그해 알려주세요💳 - Editor | 영미 Image | 띵띵, 각 브랜드 공식 이미지",RESTAURANT,0,2026-02-21T17:12:08.224351,맛집,EMOTIONAL,false,ko
https://www.instagram.com/p/DUel05lk7SD/,평일 아침부터 오픈런해야 되는 인천떡볶러들의 성지? 전국에서 가장 먹기 힘들다는 떡볶이로 웨이팅 필수인 인천 3대 떡볶이 맛집이라는데 SNS에 하도 맛있다길래 이거 하나 먹겠다고 굳이 2시간을 달려갔는데 유명세가 이해될 만큼 맛있더라구요ㅋㅋ 쫄면위에 떡볶이를 올려주시는 쫄볶이가 유명한데 탱탱함에 착 감기는 쫄면이 진짜 흡입각이고 떡도 길쭉길쭉해서 면치기 딱좋은데 탱탱한게 미쳤더라구요 우리집 앞이면 참새방앗간으로 매일 먹었을텐데ㅠㅠ 인천분들이 부러워요 남동공단떡볶이 인천 남동구 남동서로 226,RESTAURANT,0,2026-02-21T17:12:23.690385,맛집,CASUAL,false,ko
https://www.instagram.com/p/DPIUT1jkjQf/,"광주 맛집 하면 바로 여기 필수❗️ 또간집, 전현무계획, 3대천왕 등 여러 프로그램에 출연할 정도로 유명한 광주 맛집 메뉴는 딱 단일 메뉴 하나! 색깔부터 무서운 돼지찌개 솔직히 맛있기는 했는데 저는 너무 매워서 많이 못 먹었어요 나 맵찔이였네 .. 🥲 친구는 안 맵다고 참기를 넣고 팍팍 비벼먹는데 정말 맛있다고 잘 먹더라고요 놀라워 매운 거 좋아하시는 분들은 꼭 가보시길 🧚🏻‍♀️ 금동 엄마네돼지찌개 주소 광주 동구 문화전당로23번길 33 영업시간 11 : 30 - 20 : 30 브레이크타임 15 : 30 - 17 : 00 매주 일요일 휴무",RESTAURANT,0,2026-02-21T17:13:02.368696,맛집,EMOTIONAL,false,ko
https://www.instagram.com/p/DSFOtw7kvUv/,"이번주에 당장 일산가야하는 이유. 일산사는 친구가 질질 끌고간 레전드 맛집. 여기 소갈비 진짜 기깔난다. 가성비도 좋은데 분위기,기본반찬,서비스마저 완벽해서 부모님 모시고 오기에도 딱. 누구든 데려가면 무조건 칭찬받는다. 소갈비 비냉조합은 말해뭐해 입에 촥 감기는 감칠맛에 육즙까지 장난아니고 흰 쌀밥에 고기올려서 양념게장이랑 같이 먹어도 최고. 돼지갈비도 쫄깃쫄깃 강력추천. 이 집 된찌도 구수한게 야무지니 밥 말아서 꼭 같이먹자. ✔️위치 : 경기 고양시 덕양구 흥도로 452 1층",RESTAURANT,0,2026-02-21T17:13:09.249615,맛집,CASUAL,false,ko
https://www.instagram.com/p/DUVEY-wE1v5/,📣군산에서 꼭 가봐야할 짬뽕집🔥🔥 군산가서 꼭 먹어야하는 게 바로 중식이죠?? . 대중에게는 고추짜장이 유명하긴한데 로컬들은 잘 안먹는다고 하더라고요 . 대신 매운짬뽕 맛있는 곳은 있다고 해서 다녀왔습니다 . 확실히 동네짬뽕보다는 훨씬 깔끔하고 맛있고 자꾸 당기는 매운맛입니다. . 이 집 탕수육도 두툼하니 맛있고 간짜장도 괜찮거든요 . 매운 짬뽕 맛집 찾으실 때 여기 강력추천드릴게요 📍 영동반점 🏠 전북 군산시 우체통거리2길 29 ⏰ 10:00-19:30(월 휴무) 🚘 불가능 📞 0507-1340-5352,RESTAURANT,0,2026-02-21T17:13:45.665289,맛집,EMOTIONAL,false,ko
https://www.instagram.com/p/DUqT7-eEmMB/,"이 집도 위시 리스트 중 하나였는데 드디어 갔다 왔다(⊃T_T⊂) 영종도 낙지전골 맛집, 짱구네 빨간거. 빨간거 러버로써 안 다녀올 수가 없지 킬킬.. 메뉴는 빨간 거냐 or 하얀 거냐, 딱 두 가지! 비주얼은 엄청 매워 보이지만 매콤+달콤+자극적인 맛이라 웬만한 맵찔이들은 가능일 듯? 낙지는 두 마리가 통으로 들어가고 돼지고기도 들어있어 같이 한 입 크게 넣으면 짱 맛있음! 양념은 끓일수록 진국이구요.. 밑반찬으로 나오는 조개탕까지 시원하 고 간이 세지 않아 전골이랑 조합 굿! 칼사리, 볶음밥 다 추가해벌임... 이 양념을 두고 어케 하나만 골라.. 난 모태..",RESTAURANT,0,2026-02-21T17:14:17.296388,맛집,CASUAL,false,ko
https://www.instagram.com/p/C7ETh7OPMr9/,"서울에 자주가는 개인맛집 성신여대 온달돈까스,돈암시장순대김밥집,용두동 나정순 할매 쭈꾸미,연희동 월숙네아귀찜,남가좌동 이정희떡볶이,북가좌동 맛있는집 ,불타는꿀꿀이, 강남서 없어진, 선매떡볶이,공수간떡볶이 이런 비슷한 집들 아시는분 추천좀 부탁드려용",RESTAURANT,0,2026-02-21T17:15:00.092244,맛집,CASUAL,false,ko
https://www.instagram.com/p/DRrIaloj742/,"인천에서 역대급 맛집 하나 찾았습니다!! 여긴 인천 검단에 위치한 ‘큐슈울트라아멘 &신이치‘라는 곳인데 무려 블루리본을 12년 연속 받은 라멘집이더라구여 게다가 토핑과 공깃밥을 무료로 리필 할 수 있고 여기에 리뷰 작성 시 명란밥이 서비스에 이 영상 보고 가신 분들은 교자까지 꽁짜로 주신다고 하니 라멘 좋아하시는 분들은 무조건 가야댐!! 📍상호 : 큐슈울트라아멘&신이치 검단점 📍주소 : 인천광역시 서구 발산로 6 1층 117,118호",RESTAURANT,0,2026-02-21T17:15:47.821025,맛집,EMOTIONAL,false,ko
https://www.instagram.com/p/DUj__5JEg5e/,인천 검단 고기를 주문하면 서비스만 5가지인 1티어 한돈 맛집 ?! 🐷 🐼태돈🐼 프리미엄 한돈 모듬 400g : 34000원 짜계치 : 5000원 📍 인천 서구 완정로 139 B동 1층 🕦 매일 11:30 - 22:00 21:00 라스트오더,RESTAURANT,0,2026-02-21T17:16:11.338193,맛집,EMOTIONAL,false,ko
https://www.instagram.com/p/DCv8pvcB0SF/,"쯔양이 선택한 수제 돈카츠 맛집! 생겼다고 해서 후딱 다녀 왔어여 - 파스타냐 돈카츠냐 고민말고 한번에 주문 할수 있어요🥰 베이컨 크림 스파게티 카츠 14,900 - 칼칼한 김치 우동 세트🥳 완전 내스탈이네여 ㅋㅋㅋ 김치뜨동세트 13,900 - 역시 줄서는 이유가 있넹 - 👉경남 양산시 동면 내송큰들로 35 102호 -",RESTAURANT,0,2026-02-21T17:17:20.029511,맛집,EMOTIONAL,false,ko
https://www.instagram.com/p/DFyugHRSDNs/,📌산더미 가라아게 덮밥이 얼마??!📌 잠실 주민이라면 한 번쯤은 먹어봤다는 장미상가 맛집 >>치마오<< 손바닥만한 치킨을 무려 10조각 이상 올려 보자마자 감탄이 나오는 가라아게 덮밥은 탑처럼 높게 쌓인 치킨 비주얼에 인증샷은 필수! 갓 튀겨 따뜻한 치킨은 풍부한 육즙과 부드러운 육질로 계속 먹어도 질리지 않으니 잠실 방문한다면 여긴 꼭 가보자~! 🍎치마오 🍎서울 송파구 올림픽로35길 112 장미아파트상가 🍎매일 10:00-17:00,RESTAURANT,0,2026-02-21T17:17:27.909594,맛집,EMOTIONAL,false,ko
https://www.instagram.com/p/DTff_q-DyXJ/,"전국에서 가장 먹기 힘들다는 떡볶이 맛집? 극악의 웨이팅이라는 조금만 늦어도 웨이팅 필수인 인천 남동구에 있는 '남동공단떡볶이' 입니다. 인천 3대 떡볶이 맛집으로 유명한데 오래된 노포맛집으로도 유명해서 다양한 연령층들이 매력을 느끼고 방문하더라구요. 쫄깃한 떡이 매력있고 쫄볶이의 독특한 향도 좋고, 가격도 저렴하고, 슴슴한듯 계속 먹게 됩니다. 근처에 간다면 웨이팅해서 먹을만 합니다. 인천 남동구 남동서로 226",RESTAURANT,0,2026-02-21T17:17:35.252447,맛집,CASUAL,false,ko
https://www.instagram.com/p/DMOgRgaKNyP/,🍴이서진의 맛집🍴 🔥영업시간🔥 매일 18:00 ~ 06:00 🔥종로 창신동 골목에 숨겨진 이곳 새벽까지 영업해서 마음 놓고 먹을 수 있어요 시그니처 세트 하나면 2인 푸짐하게 즐기기 딱 튀김족발은 겉바속촉 제대로고 고기는 야들야들 불족발은 쫄깃탱글하면서 매콤달콤한 맛 화끈한 양념에 자꾸 손이 가더라고요 막국수는 채소 듬뿍에 새콤한 고추장 소스 양도 많고 입가심으로 찰떡궁합이었어요 양파튀김이랑 고추튀김은 바삭한 별미 사장님 부부도 정말 친절하셔서 더 기억에 남았어요 📍이서진의 맛집 서울 종로구 종로51길,RESTAURANT,0,2026-02-21T17:18:19.237147,맛집,EMOTIONAL,false,ko
https://www.instagram.com/p/DSkSt4aE1Tb/,"📍보난자카츠 (대구 중구 달구벌대로446길 28 1층) 𖤐 대봉동에 위치한 카츠 맛집 ! 𖤐 안심타레카츠 · 등심타레카츠 · 가쓰오오이샐러드 주문 𖦹 카츠가 전체적으로 다 부드러운데 그중에서도 안심은 진짜 레전드… 살살 녹는 식감에 비주얼도 미쳤고요 달짭짤한 타레 소스에 부드러운 계란이랑 밥이랑 같이 먹으면 그냥 게임 끝 ! 같이 나오는 미소된장국까지 넘 맛있는 ,,♥ 가쓰오오이샐러드는 고소한 소스에 오이 아삭아삭해서 카츠 먹다가 곁들이기 딱 좋은 사이드! ⁂ 저의 또또또간집입니다 ㅎㅎ 봉산동 가시면 여긴 꼭 한 번 드셔보세요 ෆ",RESTAURANT,0,2026-02-21T17:18:41.031452,맛집,CASUAL,false,ko
https://www.instagram.com/p/DSMX9GHESD2/,인천 부평 ”1인 1메뉴 금지“ 양이 너무 많은걸로 유명한 양식 맛집 ?! 🐷 🐼로니로티 부평점🐼 목살스테이크 : 16900원 새우 필라프 : 14900원 오이스터 크림 스파게티 : 13900원 📍 인천 부평구 시장로 19 2층 🕦 월 11:30 - 22:10 화 11:30 - 22:10 수 11:30 - 22:10 목 11:30 - 22:10 금 11:30 - 22:10 토 11:30 - 22:10 일 11:30 - 22:10 15:30 - 16:30 브레이크타임 21:30 라스트오더 📞 0507-1385-7999,RESTAURANT,0,2026-02-21T17:19:29.718920,맛집,EMOTIONAL,false,ko
https://www.instagram.com/p/DTKxpKekrnP/,"진심 인생카츠 인천 탑티어 맛집 남자들은 무조건 알아야함 여기는 제가 먹어본 카츠중 일본에서 먹은 카츠까지 포함해서 두 손가락 안에 드는 찐찐맛집입니다 여기만 가면 혼자 2개 시켜먹습니다.. 히레카츠 (안심) 정식 14,000원 미소카츠 정식 18,000원 이렇게 두 개 꼭 드셔보세요.. 📍이이칸지 청라 <주소 : 인천 서구 청라동 148-4> 🌟영업시간: 11:00-21:00 “15:00-17:00 브레이크타임”",RESTAURANT,0,2026-02-21T17:20:00.040582,맛집,EMOTIONAL,false,ko
https://www.instagram.com/p/DUcIygkkwei/,맛집 찾아서 신났다 여기 연포탕 • 낙지초무침 • 전복숙회 등등 다 미쳤대 . 📍 상호 : 연평포차 주소 : 인천 부평구 주부토로32번길 8 1층 사장님 최고 👍🏾 !,RESTAURANT,0,2026-02-21T17:20:27.696177,맛집,EMOTIONAL,false,ko
https://www.instagram.com/p/DRwdmtACSCs/,돈카츠 카레랑 치킨 난반 정식…🙌 양도 많고 샐러드랑 반찬들도 잘 나오네요!!!👏 둘 다 너무 좋아하는데.. 이건 진짜 못 잃죠.. 이걸 어떻게 잃어요.. 먹친구 하고 먼저 팔룅하고 돌아가보겠습니당 ! (っ ॑꒳ ॑c)♥️,RESTAURANT,0,2026-02-21T17:21:35.059419,맛집,EMOTIONAL,false,ko
https://www.instagram.com/p/DTpUW-ykW5L/,"대전사람들은 엽떡이나 신전 안먹고 매떡 시켜먹는거 다들 공감하실걸요 ? 👀 🏷️ 목동 신가네매운떡볶이 카레맛 나는 매콤한 국물에 사이드로 다양한 튀김 찍먹하는게 국룰 〰️ 참치김밥은 안 시키면 유죄인데 💥 참김 + 맛감자 + 국물 찍먹은 그냥 도른자니까 꼭 먹어보세요 🥹 📍대전 중구 동서대로 1387-1 1층 ⏰ 영업시간 : 11:00 ~ 20:30 ୨୧ 취향저격하는 대전 맛집, 카페, 핫플 정보들 ୨୧",RESTAURANT,0,2026-02-21T17:21:42.673508,맛집,EMOTIONAL,false,ko
https://www.instagram.com/p/DLwfw_Rh9kd/,근데 미용실 가는길에 입으신 옷마저 10년전 유행 st라 너무 찰떡이에여ㅋㅋㅋㅋㅋㅋㅋ큐ㅠㅠ 옛날에 드라마 찬란한 유산 한효주 느낌이에영,SALON,0,2026-02-21T17:26:02.207055,미용실,CASUAL,false,ko
https://www.instagram.com/p/DMO0kBEOk7M/,ㄹㅇ 염색하러갓는데 숱추가 비용 받더라;; 나는 숱 보통이라고 생각했는데 나보다 적은게 평균이라면서 .. 나보다 적으면 대한민국 사람들 다 탈모다 *•.¸♡𝕊𝕀𝔹𝔸♡¸.•* 숱 기준도 없으면서 돈 뜯어낼라고 수쓰는거 개정떨 ㅜ -대구 ㅈㅇㅇ헤어-,SALON,0,2026-02-21T17:26:24.302825,미용실,CASUAL,false,ko
https://www.instagram.com/p/DRcHOHKD0Li/,서울 남자머리 미용실 고민하지마 무작정 기른 머리? 컨설팅 해드릴게요 성지 스타일 연말인데 머리 이쁘게 하셔야죠🫶🏻,SALON,0,2026-02-21T17:27:00.758285,미용실,EMOTIONAL,false,ko
https://www.instagram.com/p/DUhDTCMk_xm/,"✂️ 송도 미용실 오픈 A'INT 🎀 에인트 OPEN 에인트는 모든 디자인 과정에 정확한 의도를 담아 얼굴형과 머릿결, 취향하까지 섬세하게 고려하여 가장 잘 어울리는 스타일을 만들어 드립니다. ❤️ 매주 수요일 휴무 ☎️ 0507-1395-2372 ▶️ 네이버로 예약하면 다양한 오픈 이벤트 진행중 입니다 검색창 ""에인트"" 검색해주세요. 🥳 오픈을 축하합니다 🍀 미용실오픈 전문 미용재료 & 미용의자 & 샴푸대 & 기자재 & 미용교육 & 렌탈서비스 & 마케팅 🍀 이 모든 서비스 가능한 국내 유일한 미용 기업 퓨어코스메틱에서 미용실 오픈하고 다양한 혜택 받으세요",SALON,0,2026-02-21T17:27:14.820398,미용실,PROFESSIONAL,false,ko
https://www.instagram.com/p/DRluTwRE1rw/,"옆모습. 신경쓰고 계신가요? 앞모습만 중요한게 아닙니다. 헤어스타일은 기장이 짧을수록 우리 시각에 더 부각되기 때문에 다방면을 신경써야 합니다. ‘자기만족’으로 혹여나 앞머리만 신경쓰진 않았나요? 옆태가 매끄러워야 진정한 ‘스타일’ 입니다. 📌남성 전문 미용실 [인히어센트 부천대점] - 부천역, 부천대학교📌 🎖️2024 네이버 플레이스 [펌 우수 매장] 🎖️ 🎖️2025년 한국산업소비자평가원 [우수 헤어디자이너]🎖️",SALON,0,2026-02-21T17:27:29.889494,미용실,EMOTIONAL,false,ko
https://www.instagram.com/p/DUdNnUJksq-/,"벌써 4년째 함께하는 꽃분이, 구성환배우님이랑 처음으로 사진을 찍었어요 🤍🤍🤍 혹시나 배우님께 실례가 아닐까해서 못찍었는데 오늘 갑자기 먼저 꽃분이로 여기저기 자랑해도 된다고 하셔서 냉큼 🤍 사진찍었어요 🤤🤍🤍🤍 이제는 미용실 오면 뽀뽀도 잘해주고 빗질해도 잘 참아주는 귀여운 우주대스타 꽃분이랑, 저희 매장도 신경써주시고 티비에서 보이는 모습보다 더더 친절하고 젠틀하신 우리 꽃분이 보호자님 항상 감사합니다 !! 우리 꽃분이 평생 책임질게요 ~~🤍 사진 속 꽃분이 찾기 심쿵 ㅋㅋ 🤍",SALON,0,2026-02-21T17:27:50.009718,미용실,EMOTIONAL,false,ko
https://www.instagram.com/p/DP85vsIj5qH/,"안녕하세요 천안 불당동 헤어엣홈 수혁입니다 :) 초기에는 기반을 다지고 신규 고객 유입과 재방문율을 높이기 위해 정말 많은 고민과 노력을 해왔습니다. 지금은 280명 이상의 고정 고객님들과 함께하며, 현재 1인 미용실 기준 전국 상위 10% 안에 들 정도로 성장할 수 있었습니다. 처음에는 가볍게 시작했던 1인 미용실이었지만, 이제는 분명한 목표를 가지고 한 단계씩 꾸준히 나아가고자 합니다. 항상 따뜻한 관심과 사랑으로 함께해주신 모든 분들께 진심으로 감사드립니다. 🖤🙇🏻‍♂️",SALON,0,2026-02-21T17:28:50.553172,미용실,EMOTIONAL,false,ko
https://www.instagram.com/p/DQJsTZGkdF2/,가벼운느낌과 하이레이어드의 내츄럴한 무드를 원하지만 너무 날리는 머리는 싫을때 ! 자연스러운 + 페이스컷으로 얼굴 소멸시켜봐요🙊 털어말리기 ok 돌려말리기 ok ❤️예약은 네이버 예지를 찾아주세요❤️,SALON,0,2026-02-21T17:28:57.427127,미용실,EMOTIONAL,false,ko
https://www.instagram.com/p/DRotc2gEUUg/,매트브라운 + 단발허쉬컷 = 🫰🏿 ̵ ̀ ̗25.12.31 까지 매트브라운 금액 프로모션 진행중 ̖ ́ ̵,SALON,0,2026-02-21T17:29:03.510855,미용실,EMOTIONAL,false,ko
https://www.instagram.com/p/DNhBdaFzQzA/,"홍대에서 만나는 단 하나의 펌 전문 미용실 12년간 이어온 레이어드펌의 노하우 가볍지만 깊이 있는 볼륨, 얼굴선을 살려주는 시스루 앞머리컷 컷 + 펌 + 클리닉 기장 추가 없이, 단 한 번의 시술로 품격 있는 스타일을 경험하세요.",SALON,0,2026-02-21T17:29:18.040531,미용실,CASUAL,false,ko
https://www.instagram.com/p/DRwCe10j-H8/,"한올 📍 인천 서구 이음1로 420 1층 7호 📞 010-2779-0266 트렌드와 고객 개성을 자연스럽게 녹여내는 인천 서구 감성 미용실 한올입니다. 과한 스타일이 아닌, 얼굴형과 분위기에 딱 맞춘 섬세한 디자인 컷으로 만족도를 높여드립니다. ✔ 고객 얼굴형·모질 맞춤 디자인 컷 ✔ 자연스러운 컬·손상 최소화 시술 ✔ 편안하고 프라이빗한 시술 공간",SALON,0,2026-02-21T17:29:25.154577,미용실,EMOTIONAL,false,ko
https://www.instagram.com/p/DCjNY-zyXF4/,고객님은 일단 씹오크세요. 그리고 코가 한라봉 같으셔서 그걸 부각되지않게 해볼게 요 <대충이런식으로 씹악담한뒤에 결과물은 죄다 허쉬컷 레이어드컷빌드펌임 어떤 댓글 퍼왓는데@개욱김,SALON,0,2026-02-21T17:29:38.311870,미용실,CASUAL,false,ko
https://www.instagram.com/p/DRRZH7ViSfx/,나도 진짜 짜증났어 부원장 예약해서 갔더니 커트만 좀 하고 매직씨컬하는데 머리 펴고 마는 거 다 초짜가 함ㅋㅋㅋㅋ어이없어 신고하고 싶더라 그러더니 결국 망했다는 소문이ㅉㅉ그럴 줄 알았다,SALON,0,2026-02-21T17:29:44.391612,미용실,CASUAL,false,ko
https://www.instagram.com/p/DUHescLj3Li/,중마동 my_on_Beauty 미용실 소희디자이너 페이스라인을 감싸는 컷 + 컬 조합으로 광대 사각턱 긴 얼굴 커버에 효과적인 그레이스펌 open 10:00 close 8:00,SALON,0,2026-02-21T17:30:40.621879,미용실,CASUAL,false,ko
https://www.instagram.com/p/DU7EOU1Eovx/,2일 미용실 특 💇🏻‍♀️ 더 많은 영상은 프로필 링크 <나는 마루> 유튜브 채널에서 만나!,SALON,0,2026-02-21T17:30:54.576612,미용실,EMOTIONAL,false,ko
https://www.instagram.com/p/DR_U4Zqk2Q6/,"미용실 로고디자인 브랜드명 차운 [差 + 云 ]은 ‘같지만,다르다’ 라는 뜻으로 고객님과 같은 마음으로 생각하며 서비스에 임하고, 여럿 미용브랜드와 차별점을 둔 디자인을 만들어 드린다는 뜻을 담고 있습니다.",SALON,0,2026-02-21T17:31:22.754150,미용실,CASUAL,false,ko
https://www.instagram.com/p/DUFLg6YAapi/,윈드펌 잘하는 미용실 찾는분!? 👇 여성스럽고 부드러운 단발레이어드펌 분위기를 개개인의 무드를 살려서 완성도있게 만들어드려요💜 ✔️추가금없는 가성비 윈드펌💇🏼‍♀️첫시술시 20% 혜택을드려요,SALON,0,2026-02-21T17:31:29.380716,미용실,EMOTIONAL,false,ko
https://www.instagram.com/p/DTkPWdZD_K8/,"✂️ 미용실 선택할 때 여러분은 무엇을 가장 먼저 고민하시나요? 혹시 한 번쯤은 “생각이랑 다른데…” 싶었던 경험, 있지 않으신가요 🤔 물론 모든 선택이 100% 완벽할 수는 없어요. 머리에는 변수도 많고, 트렌드도 늘 바뀌니까요. 그래도 몇 가지만 체크해도 ‘망할 확률’은 확실히 줄일 수 있어요. 사진으로 방향을 맞추고, 나의 무드와 맞는지 살펴보고, 그걸 어울리게 해석해줄 사람인지를 체크해보세요 ! ———— “ 수 많은 미용실 속 고객님의 마음에 남는 미용실은 어디인가요 ?",SALON,0,2026-02-21T17:31:42.618405,미용실,EMOTIONAL,false,ko
https://www.instagram.com/p/DGPULMbSRaX/,옛날미용사들이라면 한번씩겪어봤거나 샵에서 일어났던일들 나19살때 그땐 탈색산화제9%가 수입이 불법이였는데 원장님 어머니가 일본분이라 가져와서 내머리에 몇번탈색하다 저렇게 됨 ㅋㅋ그래서 반삭함 ㅋ명동축제때 지금청소년이대로괜찮은가 하면서 인터뷰함ㅋ뉴스에도 나옴 ㅋㅋㅋ,SALON,0,2026-02-21T17:32:03.729887,미용실,CASUAL,false,ko
https://www.instagram.com/p/DU-3GEDEtJ6/,수정됨 • 18시간 미용실 이룸 . 윗선은 가볍게 아래 라인은 매끈하게 떨어져서 전체 무드가 딱 예쁘게 정리됐어요 🖤 . . 믿고 맡기는 헤어 디자인🙋‍♀️,SALON,0,2026-02-21T17:32:44.687847,미용실,EMOTIONAL,false,ko
https://www.instagram.com/p/DOVyWymEgT5/,"안녕하세요 에이치픽 수석디자이너 지민입니다✧･ﾟ:* 주황빛 삭제시키는 매트한 🫒🤎 탈색 없이 염색만으로 애쉬하면서도 매트한 브라운 염색 추천 ★ 허쉬레이어드컷 까지,,예쁜 조합 🗯️ 탈색 | 염색 | 크리닉 케어까지 함께해서 저손상으로 염색하기!",SALON,0,2026-02-21T17:32:51.670711,미용실,EMOTIONAL,false,ko
https://www.instagram.com/p/DSE8USqiYxT/,"내가 생각하던 미용 = 프로폐셔널한 디자이너, 화려한 옷, 예쁜 스타일링 실제 미용 = 퇴근 없음, 맨날 앞치마, 퇴근후 꼬질꼬질 어릴 때 보던 미용실 원장님들은 그저 화려하고 이쁘기만 했는데 막상 내가 일해보니 화려함 뒤에는 앞치마가 교복이고 모든 옷에는 염색약이 묻어 있으며 퇴근 후에는 감출 수 없는 꼬질함까지😇 그래도 뭐 행복하다구요오🔥",SALON,0,2026-02-21T17:33:34.696315,미용실,EMOTIONAL,false,ko
https://www.instagram.com/p/DLYc3gbTspP/,청담보다 홍대에 이미지가 더 잘 맞는거같아욤 와 마침 머리할때 되었는뎅!!!🔥🔥🔥,SALON,0,2026-02-21T17:33:50.988228,미용실,EMOTIONAL,false,ko
https://www.instagram.com/p/DI8cyN_zJVF/,"미용실 단골 만드는 법? 센스 있게 웃기고, 가끔은 이렇게 이벤트도 걸어보세요! “고객님, ‘원장님 잘생겼어요’ 하면 50% 할인입니다!” 근데… 고객님 한마디, “아… 그냥 됐어요.” 단골 만드는 법은 결국 재미와 편안함 아닐까요? 이렇게 유쾌한 분위기가 또 오고 싶게 만듭니다!",SALON,0,2026-02-21T17:34:06.012552,미용실,CASUAL,false,ko
https://www.instagram.com/p/DQZVxyCkiHS/,"진짜 대충 말려도 되는 레이어드C컬펌 🤍 컬러는 민트브라운+밀크베이지 얼굴형, 모질 상관없이 유행타지 않는 예쁜 라인의 펌으로 미디움, 롱 길이에 따른 레이어드 설정으로 나만의 예쁜 펌 같이 찾아볼까 요🪽 컬 굵기/ 컬 위치 / 분위기 컨설팅까지 조절 가능! • 원하시는 시안 3장만가지고 오세요 (타 미용실 헤어 사진도 가능!) -인턴없이 1:1 맞춤 컨설팅",SALON,0,2026-02-21T17:34:22.480224,미용실,EMOTIONAL,false,ko
https://www.instagram.com/p/DRmXr0qEckK/,블루클럽 엄마컷 아빠컷 굳이 미용실 안가도될만큼 머리에 관심이 별로 없는데 여기 알고나선 여기만 갑니다요 그런맘 알아요? 너무 잘해서 더 유명해지면 뿌듯한데 또 예약 힘들어지니까 또 알려지면 아쉬운... 암튼 그래요... 그렇다구요...🤣,SALON,0,2026-02-21T17:34:35.997229,미용실,CASUAL,false,ko
https://www.instagram.com/p/DStcXzcklo3/,"천안 미용실 수아즈 ✨ 얼굴선을 자연스럽게 보완해주는 레이어드 허쉬컷으로 가볍게 떨어지는 실루엣을 완성하고, 탱글한 컬감이 매력적인 젤리펌과 부드럽고 은은한 볼륨의 쁘띠펌을 더해 과하지 않으면서도 세련된 스타일을 연출했습니다. 피부톤을 한층 밝혀주는 퍼스널염색 모카브라운으로 차분하면서도 고급스러운 분위기까지 완성. 얼굴윤곽 보완부터 컬·컬러 밸런스까지 디테일한 디자인이 필요한 분들께 천안 수아즈에서 맞춤 스타일을 제안해드려요 💇‍♀️ 📌 천안 쌍용동 수아즈 헤어 ☎ 예약 및 상담 : 0507-1355-0351",SALON,0,2026-02-21T17:34:49.547972,미용실,EMOTIONAL,false,ko
https://www.instagram.com/p/DM-GOn2y_Dv/,한끗차이로 달라지는 얼굴형?🤎 얼굴골격과 라인을 예뻐보이게 해주는 과 전체적인 쉐입과 분위기를 더해주는 조합으로 내가 원하는 추구미에 을 더해 나에게 딱 맞는 헤어스타일 함께 찾아봐요🫶🏻,SALON,0,2026-02-21T17:35:04.419561,미용실,EMOTIONAL,false,ko
https://www.instagram.com/p/DOX5x0qEyDC/,. 길이는 긴 머리가 좋은데 볼륨이 너무 없을 때! 묶었을 때는 단발의 느낌도 가지고 싶을 때! 하이레이어드 컷 스타일로 바꾸세요. 고데기 손질이 어렵다면 C컬펌을 넣으면 손질도 편해요😊 손질 쉬운 스타일로 만들어 드려요. . . . . 예약은 프로필 링크를 참고 해 주세요. .,SALON,0,2026-02-21T17:35:23.647768,미용실,CASUAL,false,ko
https://www.instagram.com/p/DU5ZLxBk7Fx/,수정됨 • 2일 안녕하세요. 강아지 미용실 몽트라슈입니다. 저희는 분당 정자동에 74-3 1층에 위치하고 있습니다. 아이들을 한 아이 한아이 호흡을 맞추며 스타일링하는 공간입니다. 아가들은 정말 소중하고 섬세한 존재이기에 각 아이의 성향과 컨디션에 맞춘 미용을 가장 중요하게 생각합니다. 아이의 특성을 충분히 이해하고 속도와 방식을 세심하게 조절해 스트레스를 최소화하며 그 위에서 비로소 멋지고 자연스러운 스타일을 완성해 드립니다. 몽트라슈에서 편안하고 예쁜 미용을 경험해 보세요. 감사합니다.,SALON,0,2026-02-21T17:35:38.260494,미용실,CASUAL,false,ko
https://www.instagram.com/p/C3sL044yDSY/,내 나이 슴아홉.. 드디어 미용실 정착..! 드라이 넘모 맘에둔당 *.☆⸜(⑉˙ᗜ˙⑉)⸝♡.*,SALON,0,2026-02-21T17:36:05.690686,미용실,CASUAL,false,ko
https://www.instagram.com/p/DLuOIEVPii8/,오늘은 실습생 지원님의 하루를 담아봤어요♥️ 곧 고객님들께 샴푸서비스도 해드릴예정이에요✨ 아직 미흡하지만 미래가 밝은 실습생 지원님 이쁘게봐주세요 😻 모든 미용파트너칭구들 화이팅 💪,SALON,0,2026-02-21T17:36:11.819772,미용실,EMOTIONAL,false,ko
https://www.instagram.com/p/DReHf5xknfk/,"✨ 마포 미용실 인테리어 ✨ 감각적인 공간은 고객의 첫인상을 결정합니다. 트렌드를 담되, 브랜드의 아이덴티티를 잃지 않는 디자인으로 머무르는 순간마다 만족도가 높아지는 미용실 공간을 완성했습니다. 고객 동선, 조명, 컬러 배치, 시술존·대기존 구성까지 미용실에 필요한 모든 요소를 세심하게 계획하여 ‘오래 머물고 싶은 공간’을 디자인합니다.",SALON,0,2026-02-21T17:36:17.706542,미용실,EMOTIONAL,false,ko
https://www.instagram.com/p/DMHo5-ZIdwK/,"미용실 인테리어 _ 하둔헤어 해운대센텀시티점 머무는 시간이 길수록, 공간의 분위기는 더 중요해집니다.",SALON,0,2026-02-21T17:36:25.301123,미용실,CASUAL,false,ko
https://www.instagram.com/p/C343yMSL33s/,📌연습일지📌 ▫️롱기장 커트 안녕하세요! 입니다:-) 오늘의 입니다👩🏻 - 층층이 얼굴쪽으로 감싸는 - 가벼워보이지만 날리지 않는 - 얼굴 여백을 가려주고 트렌디한 . . .,SALON,0,2026-02-21T17:36:46.329047,미용실,EMOTIONAL,false,ko
https://www.instagram.com/p/DNdNUSPyATu/,뷰티 회사 20대 막내가 반차낸 이유🫢 💭멀태기 와서 미용실 감 + 많이 여쭤보신 정보는👇🏻 - 머리: 차홍룸 올림픽공원점 서영 디자이너님()🎀 - 상의: 녹섭 - 하의: COS,SALON,0,2026-02-21T17:36:53.499547,미용실,EMOTIONAL,false,ko
https://www.instagram.com/p/DT2VzinE8u3/,저는 머리감겨주실때 말거셔서 물소리 쏴아아아 때문에 듣고싶어도 못들었었어요ㅋㅋㅋㅋㅋㅋ,SALON,0,2026-02-21T17:37:00.282697,미용실,CASUAL,false,ko
https://www.instagram.com/p/DTarHJ3EjE5/,미용실 어디가지 ?? 고민할 때 가장 먼저 찾게 되는 리뷰 !! 제 고객님들께서 직접 작성해주신 소중한 리뷰를 모아봤습니다 🫶🏻 제 사랑스러운 고객님들께 늘 진심으로 감사드립니다 ❣️❣️ “ “,SALON,0,2026-02-21T17:37:20.986135,미용실,EMOTIONAL,false,ko
https://www.instagram.com/p/DNNbN60TTZw/,"""검색해도 안 나오는 미용실"" 제 헤어샵은 네이버에서 미용실, 헤어샵 으로 검색해도 안나와요. 처음엔 그게 너무 걱정이었어요. 손님이 안 오면 어쩌지… 하는 마음에 괜히 조급해지고 속상하기도 했는데.. 그런데 신기하게도, 어떻게 아셨는지 한 분, 두 분씩 찾아와 주시더라구요. 그렇게 와주신 분들 덕분에 지금의 굿럭헤어샵이 있답니다. 제가 낯을 가려서 마음을 다 표현하진 못하지만, 제 공간에 와주신 모든 분들— 진심으로, 정말 감사합니다 🍀",SALON,0,2026-02-21T17:37:55.845302,미용실,EMOTIONAL,false,ko
https://www.instagram.com/p/DToqk35D5CT/,"미용사라는 직업으로 일한지 벌써 15년차, 1인샵운영 7년차 가 되었어요 ✂️ 최근들어 불편한점을 '내가 직접 개선해 보고 싶다' 라는 생각이 들어서 도전을 해보려고해요!!! 어떤 도전일지는 릴스로 천천히 과정을 보여드려 볼까 합니다 🧡",SALON,0,2026-02-21T17:38:37.271009,미용실,EMOTIONAL,false,ko
https://www.instagram.com/p/DNAsf-av2QJ/,"🌱디자이너가 중심이 되는 미용실, 숨헤어 그룹은 직원들이 복지를 누릴 수 있도록 적극적으로 지원합니다. 숨헤어 그룹은 파주 운정에 4개 지점을 운영 중인 1:1컨설팅 전문 미용실입니다. 미용사 디자이너가 오래, 안정적으로 성장할 수 있는 환경을 만들고 있습니다 💇🏻‍♀️ 🪞 청결한 근무환경 🧾 파주청년지원사업 등 청년지원 💰 다양한 복지제도 ✨ 마케팅 교육 및 활동 적극지원! 🙋🏻‍♀️ 전문 마케터 상주 숨헤어는 디자이너의 꿈을 응원하는 공간입니다. 당신의 감각과 열정을 이 공간에서 마음껏 펼칠 수 있도록 적극 지원합니다. ⠀",SALON,0,2026-02-21T17:38:42.995039,미용실,EMOTIONAL,false,ko
https://www.instagram.com/p/DLhAtJRRm3d/,"넷플릭스에 곧 방영 될 프로그램에 운좋게 제 카페를 알려드리게 되었어요 기쁜 소식을 전해드리며, 오늘도 커피합니다.",CAFE,0,2026-02-23T11:22:23.911589,카페,CASUAL,false,ko
https://www.instagram.com/p/DT5j-cXj2_q/,"울산 남구청 반나절 코스 ☕️ ❶ 점심, 앞산큰골집에서 등갈비찜 🍚 원래는 브런치카페 가고 있다가, 길목부터 향기로운 한식 양념장 냄새에 이끌려 들어갔는데 잘한 선택이었다 🤧 ❷ 카페 공원에서 라즈베리갸또 & 공원커피 ☕️ 갸또 단면 비주얼 보고 반해서 찾아간 곳인데, 맛도 좋았다 퍼석함 없이 꾸덕한 초코케익 + 산뜻한 라즈베리크림의 아름다운 조화 .•♥ ❸ 플리즈브런치바 2층에 있는 소품샵 구경 🛍️ 패션잡화 & 디자이너브랜드 빈티지 & 각종 소품들 위주였는데 구경하기 편했고 공간이 예뻤다 ‧₊˚",CAFE,0,2026-02-23T11:22:43.172213,카페,EMOTIONAL,false,ko
https://www.instagram.com/p/DSB5_aUE8_b/,저의 두바이 종착지는 여기로 하겠어요☆જ⁀➴ 진짜 바삭! 달콤의 끝! 행복이 있다면 여기 아닐까요ෆ 딸기 마틸다 먹으러 갔다가 두바이 마틸다 먹은 나 자신 정말 칭찬해꒰ ੭ ˃̶̀·̮˂̶́꒱੭ ⊹ 웜홀까지 함께 먹으면 하루 당충전 끝 𓂃𓂃𓂃𓂃𓂃𓂃𓂃𓂃𓂃𓂃𓂃𓂃𓄺 ⌗두바이 마틸다 ⌗웜홀 📍대구 중구 명덕로65길 56 1층 ⏰매일 10:00 - 22:00 🅿️매장 앞 주차 불가 (주변 주차 공간 이용) 𓂃𓂃𓂃𓂃𓂃𓂃𓂃𓂃𓂃𓂃𓂃𓂃𓄺,CAFE,0,2026-02-23T11:23:52.897195,카페,EMOTIONAL,false,ko
https://www.instagram.com/p/DVDb6OuAf40/,수정됨 • 14시간 분위기 좋은 동명동 신상 카페 ‘파세드꽁떼아’ 날이 따뜻해져서 바깥에 앉았더니 정말 너무 좋더라고요.. 치아바타 샌드위치도 추천 🥪♥ - 광주 동구 동명로25번길 3-2 1층 - 매일 12:00 - 22:00 (L.O 21:30),CAFE,0,2026-02-23T11:24:15.894982,카페,EMOTIONAL,false,ko
https://www.instagram.com/p/DSrpXM3Enpe/,"도트 옷을 입고 가야할것 만 같은 카페 ‘숍닷닷’의 귀여운 롤케이크 도트 패턴 덕분에 테이블도 뭔가 분위기가 살아나는 느낌쓰 ଘ(੭ ᐛ )━☆ﾟ.*･｡ﾟ 부드러운 시트에 담백한 크림 조합이 무조건 맛있을 수 밖에 없는 롤케이크에요! 아기자기한 인테리어와도 잘 어울려서 꼬옥 주문하시길 추천드려요💚 - 닷닷 롤케이크 - 바치디다마 - 말차라떼 - 아메리카노 ☕️ 카페 ‘숍닷닷‘ 📍 경기 파주시 금릉동 432-1, 2층 . . . .",CAFE,0,2026-02-23T11:24:44.195259,카페,EMOTIONAL,false,ko
https://www.instagram.com/p/DRrRkO5EZL-/,이런 킷사 분위기랑 너무 잘 어울리세요..ㅠㅠ 일본인줄 알았는데 혹시 카페 어딘지 알 수 있을까요?!,CAFE,0,2026-02-23T11:24:56.029236,카페,CASUAL,false,ko
https://www.instagram.com/p/DPGEkqGCBec/,근데 개인적으로 가방 두고 밥 먹으러 나갔다 오는 애들 보면 그런건 제지 했으면 좋겠음 개짜증남 내 친구가 그러는 부류 였는데 지가 카페에 가방 두고 밥 먹고 왔으면서 에어팟 없어졌다고 징징대는거 보고 정 떨어졌슨,CAFE,0,2026-02-23T11:26:30.046357,카페,CASUAL,false,ko
https://www.instagram.com/p/DRMuvf5kQe2/,⠀ 너무 추워져서 갑자기 한가해진 카페 일상 ☃️💭🤍 (모르셨겠지만 한사장은 환대의 디자이너랍니다 🌝),CAFE,0,2026-02-23T11:26:53.433205,카페,EMOTIONAL,false,ko
https://www.instagram.com/p/DUadXcsE6ns/,일하다 보니 또 한 주가 호다닥 ☁️ 카페 사장님이 주신 두쫀쿠로 마음 녹이는 중 오랜만에 스카프도 호로록🧣 🤍,CAFE,0,2026-02-23T11:27:16.101081,카페,EMOTIONAL,false,ko
https://www.instagram.com/p/DU_9AgQE5MK/,"2일 9평 카페의 느슨한 ᜊᜊᜊ..주말🔥 케이크 시트부터 커피 로스팅까지, 모~두 직접 만드는 이곳은??? 인천의 밀우 입니다 ♥️ 케이크 만드는게 궁금하다면 Youtube 에 mealwoo 를 !!!!! 😎🍿 🫖 영업시간 12:00 ~ 20:00 (매주 화/수 OFF) 인천 연수구 한나루로 173 1F 밀우",CAFE,0,2026-02-23T11:29:39.796489,카페,EMOTIONAL,false,ko
https://www.instagram.com/p/DUU1Xo5Eesk/,순창 맛집 ★푸른바다 수제 어묵국수★ 100% 생선을 사용하여 만든 어묵 밀가루를 전혀 쓰지 않는 어묵!! 풍미부터 남다른 매력에 빠져보자,RESTAURANT,0,2026-02-23T11:33:08.488887,맛집,CASUAL,false,ko
https://www.instagram.com/p/DUZ8bsiEfXd/,야탑 맛집 ★죽왕숯불닭갈비★ 닭갈비 특수부위를 종류 별로 느껴보자!! 육즙 쫙!~ 풍미 쫙~ 닭갈비 먹고 싶을때 꼭 가보자,RESTAURANT,0,2026-02-23T11:34:37.851988,맛집,CASUAL,false,ko
https://www.instagram.com/p/DNndSrOyjn4/,"강릉에서 현지인 맛집 소문난 노포 중식당! <고려반점> 이 집의 탕수육은 일반 탕수육과는 차원이 달라요. 두께감 있는 등심 고기가 통으로 들어가 있어서 씹을 때마다 육즙이 폭발 ㅠㅠ 잡내 없이 담백하면서도 고소한 맛이 좋았던곳,, 함께 먹은 쟁반짜장은 새우와 쭈꾸미가 아낌없이 들어가 있고 꾸덕한 소스에 고추기름이 더해져 매콤한 감칠맛이 일품이에요! 한 젓가락 집을 때마다 계속 손이 가는 맛이라 탕수육과 찰떡궁합. 강릉 여행 중 시간되면 꼭 들려보세요🥹♥️ ▫️강릉 고려반점 ▫️강원 강릉시 경강로2323번길 9 ▫️11:00~19:20",RESTAURANT,0,2026-02-23T11:35:23.861657,맛집,EMOTIONAL,false,ko
https://www.instagram.com/p/DUUkX0tkyKD/,낙산사 찐 맛집!! 물곰탕 생선구이 오징어볶음 황태구이 생태찌개 먹고 싶다면 ★전주식당★ 남다릉 풍미에 깊게 빠져보자 놀러갈때 마다 방문하는 real 맛집,RESTAURANT,0,2026-02-23T11:35:36.640426,맛집,CASUAL,false,ko
https://www.instagram.com/p/DUxCQxlEx87/,"치즈에 돌돌 싸는 이 거대한 몽둥이의 정체??? 이게 바로 요즘 유행이라는 우대갈비 몬스터 부리또라고 하는데 와 이거 진짜 고기가 엄청 많이 들어가고 진짜 맛있더라구요? 게다가 여기가 서울 4대 타코 맛집이라고 불릴 정도로 모르는 사람이 없는 맛집이라 거를 타선 없이 뭘 주문해도 실패없는 곳이라 타코 맛집 찾는 분들에게 추천 드립니다 👉🏻 더타코부스 코엑스 NYC점 👉🏻 서울 강남구 영동대로 513 , B1층",RESTAURANT,0,2026-02-23T11:35:56.054945,맛집,EMOTIONAL,false,ko
https://www.instagram.com/p/DHE6vbETxD9/,"현지보다 맛있는 우육면; 맛집 3요소인 간판도 없는 허름한외관, 중국인사장님 찐맛을 모두 갖춘 곳으로 우육면은 찐하고 깊은맛에 속이 뻥 뚫리는 얼큰함….게다가 두툼한 고기는 어찌나 부드러운지ㅠ면도 얇고 부들해서 면치기하기 너무 즐거워요….ㅋㅋㅋㅋ 🎀신촌",RESTAURANT,0,2026-02-23T11:36:40.868534,맛집,CASUAL,false,ko
https://www.instagram.com/p/DRjkcdJkg4C/,2026 블루리본 3개 받은 서울 맛집 총정리🍴 ▶ () ▶소수헌 ▶하네 ▶ () ▶ () ▶ () ▶ () ▶ () ▶ () ▶ () ▶ () ▶ () ▶ () ▶ () ▶ () ▶미토우 () ▶ () ▶ () ▶ () ▶더그린테이블() ▶미피아체 () ▶무오키 () ▶벽제갈비더청담 ▶삼원가든 ▶명월관 ▶솔밤 ▶알라프리마 ▶아리아께 ▶스시조 ▶본앤브레드 ▶레스쁘아 ▶권숙수 ▶팔선 ▶파씨오네 ▶도원 ▶도림 ▶고료리켄 ▶밍글스 ▶콘티넨탈 ▶다이닝마,RESTAURANT,0,2026-02-23T11:37:11.675989,맛집,CASUAL,false,ko
https://www.instagram.com/p/DRlkRYiEVzm/,아름다운 경주 한옥에서 맛 볼 수 있는 인생 맛집 경주 최고 핫플 [ 여미온 ] 😎 📢 황리단길에서 맛집 찾는다면 바로 메모 경주 황리단길의 아름다은 정취를 한껏 느낄 수 있는 멋진 한옥인테리어에서 추억을! 🎈경북 경주시 첨성로81번길 22-12 1층 🙋🏻‍11:00~21:00 경주맛집 황리단길맛집,RESTAURANT,0,2026-02-23T11:39:49.845773,맛집,EMOTIONAL,false,ko
https://www.instagram.com/p/DUaAeW2D7hJ/,제천 맛집 ★산아래★ 제천 놀러가면 꼭 가야하는 연예인 맛집!! 연예인들도 제천 갈때 마다 들린다는 한정식 찐 맛집 남다른 한상차림에 유기농 재료만을 사용한 고급 한정식,RESTAURANT,0,2026-02-23T11:40:36.737571,맛집,CASUAL,false,ko
https://www.instagram.com/p/DOpw-aSk9Kc/,"순식간에 사라지던 무화과 크림치즈 바게트🥖 퍼먼트에서 가장 인기 많은 빵인가 봐요- 크림치즈 듬뿍에 + 졸인 무화과,,바게트도 맛있어요 ! . . .",RESTAURANT,0,2026-02-23T11:42:06.210777,맛집,CASUAL,false,ko
https://www.instagram.com/p/DVFOLYRAcOB/,1시간 구월동맛집 ㅣ 구월동고기집 ㅣ 인천핫플 ㅣ 인천맛집 ▪최상급 제주돼지를 맛 볼수 있는 구월동 최고 맛집 [ 돈불 1971 ] 😎 😘인천 남동구 문화서로28번길 19-1 1층 돈불1971 ⏰매일 16:00 ~ 22:00 라스트오더 21:30 📞070-4383-9865,RESTAURANT,0,2026-02-23T11:43:24.781133,맛집,EMOTIONAL,false,ko
https://www.instagram.com/p/DR7BS4lktl8/,"한입 쏙 넣자마자 극락이다. 요즘 품절대란 찐 핫템 차돌수육. 이제 다른수육은 못먹는다. 인기가 많은데는 이유가 있는 법. 꼬소하고 야들한 풍미가 레전드다. 종로주민들은 싹다 여기서 술마시고 해장까지 하는 맛집. 국밥은 48시간 가마솥에 푹 끓인 육수도 미쳤는데 야들야들 고기까지 완벽하다. 밥말아먹으면 끝. 차돌수육은 씹을 수록 꼬소함과 육즙이 팡팡터져서 특제소스 찍어먹으면 미친맛이다. 소꼬리 수육도 엄청 실하고 별미니 꼬옥 먹기. ✔️위치 : 서울 종로구 삼일대로 385 1층, 2층 -> 종각역 4번 출구에서 460m",RESTAURANT,0,2026-02-23T11:45:34.715014,맛집,CASUAL,false,ko
https://www.instagram.com/p/DD5lgBwzNJG/,청와옥 본점이 송파 맛집이라고 소문이 자자해서 저도 방문해봤는데 진짜 맛집 맞더라구요 순대국이 엄청 얼큰하면서 순대의 씹는 식감이 야들야들 쫄깃함 최고 솥밥도 추가해서 먹었는데 영양 듬뿍 담긴 솥밭이 나와서 놀랐네요 올림픽공원에서 가까우니까 다들 방문해서 맛집 느끼고 가세요 청와옥 본점 서울 송파구 위례성대로 48 반도빌딩 1층,RESTAURANT,0,2026-02-23T11:45:58.216898,맛집,CASUAL,false,ko
https://www.instagram.com/p/DT5HgFaiUHy/,묶으면 단발! 풀었을 땐 여리여리 예쁜 느낌🫶🏻 진짜 대충 말려도 되는 레이어드c컬펌 컬러는 민트색+다크 브라운🤎 얼굴형에 어울리는 레이어/ 컬 굵기/ 컬 위치 / 분위기 컨설팅까지 조절 가능 ! •원하시는 시안 3장만 가지고 오세요✔️ (타 미용실 헤어 사진도 가능!) 🍫[퍼스널 컨설팅] 메뉴에는 [뿌리펌] 포함 이벤트 중! 🍫[얼굴 톤 보정 염색]에는 [컷+기장추가] 포함 이벤트 중!,SALON,0,2026-02-23T11:51:39.031715,미용실,EMOTIONAL,false,ko
https://www.instagram.com/p/DUPfZ37EnpI/,- 구미 문성 미용실 수앤유헤어 유진 원장입니다. 수앤유헤어는 헤어 디자인은 물론 두피 상태까지 함께 고려하는 맞춤 헤어 컨설팅 전문 미용실 입니다. 수앤유 헤어는 100% 1:1 우선 예약제로 운영됩니다.,SALON,0,2026-02-23T11:51:49.085516,미용실,PROFESSIONAL,false,ko
https://www.instagram.com/p/DO7eea7AVS6/,"필요없는 무게감은 과감히 줄이고, 긴 얼굴형과 중안부를 커버해주는 옆볼륨을 살려 트렌디하고 페미닌한 무드는 만들어주는 모든 스타일은 각자의 분위기와 스타일에 맞춰 컨설팅해드립니다*",SALON,0,2026-02-23T11:52:01.825803,미용실,CASUAL,false,ko
https://www.instagram.com/p/DVEBEw7Ehvq/,12시간 앞머리 평소엔 그냥 넘기다가 갑자기 꽂혀서 미용실 오기••• 자르기는 무섭고 기르기는 애매해서 결국 파마 같은 얼굴인데 앞머리 하나로 분위기가 달라지는 게 신기방기 머리 바꾸고 나면 괜히 기분까지 달라지는 거 저만 그런가요😗,SALON,0,2026-02-23T11:52:12.106023,미용실,EMOTIONAL,false,ko
https://www.instagram.com/p/DOfBnsaj47N/,"그런데 헤어디자이너님들은 거의 손톱을 길러서 네일아트를 이쁘게 하고 다니시던데 문제는 손님 머리말리거나 만지실때 그 긴 손톱이 두피나 얼굴을 막 할퀴실때가 많던데.. 머리하시는분들은 그걸 모르시는걸까요, 궁금해요 오늘 간 미용실 디자이너분 한테도 할큄을 당했는데 정작 본인은 모르시는것 같았습니당",SALON,0,2026-02-23T11:53:15.348658,미용실,CASUAL,false,ko
https://www.instagram.com/p/DUo0revk5jw/,❣️ 샴푸대 교체하고 왔습니다 인천 만수동 1인 미용실 만수살롱이 네트로 감성 인테리어로 리뉴얼 오픈했습니다. 오래된 샴푸대를 교체하고 헤드스파 워맥스 에스테 스파 기기도 설치해 두피 케어와 헤드스파 서비스를 한층 강화했습니다. 전문적이고 편안한 두피 관리와 스타일링을 원하신다면 만수살롱 방문을 추천드립니다.,SALON,0,2026-02-23T11:53:38.373917,미용실,CASUAL,false,ko
https://www.instagram.com/p/DU0B8sSk_Yi/,원장님 터프 하시네요.반전 입니다.아름다워요 너무너무 예뻐요 너무너무 이뻐요 너무너무.새해에 복 많이 받으세요.,SALON,0,2026-02-23T11:53:49.327023,미용실,CASUAL,false,ko
https://www.instagram.com/p/DU-cAT9CQOU/,그럼 시작이 반이고 가만히 있으면 반이라도 간다는데 시작하고 가만히 있으면 다된거맞죠?ㅎ허,SALON,0,2026-02-23T11:54:01.049636,미용실,CASUAL,false,ko
https://www.instagram.com/p/DO8RpR3AetI/,차홍룸 예상했는데 맞았네요 ㅋㅋㅋ 유일하게 머리감겨주는 의자가 잠에들수있을만큼 편안한곳.. 근데 거기도 쌤바쌤이더라구요 저도 몇번 가다가 한번 다른쌤한테 받아서 처참하게 망한 뒤로는 안가고있어요😂 그분이 진짜 잘 맞으셨나봐용,SALON,0,2026-02-23T11:54:14.170566,미용실,CASUAL,false,ko
https://www.instagram.com/p/DTZuUtpkRic/,동탄레이어드컷 동탄레이어드펌 동탄미용실 동탄호수공원미용실 2동탄미용실 동탄2미용실,SALON,0,2026-02-23T11:54:48.015174,미용실,CASUAL,false,ko
https://www.instagram.com/p/DPYaSm2kdpU/,머리하고 기분이 너무 좋아서 그만…❤️ 이번에 미용실 차린 금손 친구💕 번창해랏✨ ㄹㅇ 내 인생 머리같아 고마오…😍 쿠키도 뽀뽀해줌…💋🥰,SALON,0,2026-02-23T11:55:52.289693,미용실,EMOTIONAL,false,ko
https://www.instagram.com/p/DJOUT2pzhSb/,“커트 하러 오셨다면서요…? 가격 듣고 순간이동하신 고객님. 이 정도면 미용실 공포 영화 아니냐고요. 하울바이아이디헤어는 현실적인 가격으로 모십니다!” ⸻,SALON,0,2026-02-23T11:56:26.449552,미용실,CASUAL,false,ko
https://www.instagram.com/p/DR8gvXtE0p1/,"요즘 단발허쉬컷 인기 최고 •••..!!! 너무 가볍진않은데 가볍고 손질편하구 .,,.. 그런 머리 있잖아요 .,,. 🖤",SALON,0,2026-02-23T11:56:37.827120,미용실,CASUAL,false,ko
https://www.instagram.com/p/DTKb9Eqkhvi/,2025년 12월 고객님의 사랑을 가장 많이 받은 박승철헤어스투디오 타임스퀘어점 최고의 디자이너들을 소개합니다💕.,SALON,0,2026-02-23T11:57:37.655632,미용실,CASUAL,false,ko
